{"cameraMode":{"drawMode":0,"name":"Shaded","section":"Shading Mode"},"sceneLighting":true,"audioPlay":false,"sceneViewState":{"showFog":false,"showMaterialUpdate":false,"showSkybox":true,"showFlares":true,"showImageEffects":true,"showParticleSystems":true},"in2DMode":false,"pivot":{"x":12.308085441589356,"y":-22.28304100036621,"z":22.576053619384767},"rotation":{"x":-0.34548500180244448,"y":-0.22189699113368989,"z":0.08443477749824524,"w":-0.9079304933547974},"size":35.5457878112793,"orthographic":false}